City_ID,City,Lat,Lng,Max Temp,Humidity,Cloudiness,Wind Speed,Country,Date
0,Rio Gallegos,-51.6226,-69.2181,30.25,93,100,13.8,AR,2022-07-12 19:47:27
1,Ushuaia,-54.8,-68.3,38.86,81,75,10.36,AR,2022-07-12 19:47:28
2,Isangel,-19.55,169.2667,66.31,100,50,0.0,VU,2022-07-12 19:47:28
3,Rikitea,-23.1203,-134.9692,74.86,73,12,15.17,PF,2022-07-12 19:47:28
4,New Norfolk,-42.7826,147.0587,44.1,83,90,2.48,AU,2022-07-12 19:47:28
5,Parnamirim,-5.9156,-35.2628,85.89,62,0,17.27,BR,2022-07-12 19:47:29
6,Port Alfred,-33.5906,26.891,58.66,70,0,10.16,ZA,2022-07-12 19:47:29
7,Srednekolymsk,67.45,153.6833,69.73,52,31,4.68,RU,2022-07-12 19:47:29
8,La Victoria,10.2184,-67.3302,70.3,93,100,2.26,VE,2022-07-12 19:47:30
9,Bluff,-46.6,168.3333,43.81,92,100,21.21,NZ,2022-07-12 19:47:30
10,Busselton,-33.65,115.3333,55.83,84,22,6.76,AU,2022-07-12 19:47:30
11,Hermanus,-34.4187,19.2345,54.59,82,0,10.47,ZA,2022-07-12 19:47:31
12,Jinchang,38.4953,102.1739,74.71,45,72,3.94,CN,2022-07-12 19:47:31
13,Roald,62.5833,6.1333,61.9,82,75,16.11,NO,2022-07-12 19:47:31
14,Tiksi,71.6872,128.8694,35.44,97,100,10.29,RU,2022-07-12 19:47:32
15,Capitan Bado,-23.2667,-55.5333,65.82,42,52,7.38,PY,2022-07-12 19:47:32
16,Cuauhtemoc,28.4167,-106.8667,82.78,24,70,13.33,MX,2022-07-12 19:46:52
17,Hobart,-42.8794,147.3294,44.46,83,75,6.91,AU,2022-07-12 19:47:32
18,Severo-Yeniseyskiy,60.3725,93.0408,47.05,92,100,2.3,RU,2022-07-12 19:47:33
19,Yellowknife,62.456,-114.3525,73.92,56,75,12.66,CA,2022-07-12 19:47:33
20,Saskylakh,71.9167,114.0833,39.58,82,100,9.91,RU,2022-07-12 19:47:33
21,Chuy,-33.6971,-53.4616,48.11,69,62,6.33,UY,2022-07-12 19:47:34
22,Atar,20.5169,-13.0499,103.89,14,96,10.38,MR,2022-07-12 19:47:34
23,George Town,5.4112,100.3354,76.95,93,40,3.44,MY,2022-07-12 19:44:29
24,Mvuma,-19.2792,30.5283,54.25,50,13,8.01,ZW,2022-07-12 19:47:34
25,Zdzieszowice,50.4248,18.1235,67.32,54,79,9.75,PL,2022-07-12 19:47:35
26,Watertown,42.3709,-71.1828,92.32,52,40,21.85,US,2022-07-12 19:47:35
27,Kavaratti,10.5669,72.642,81.45,82,100,19.26,IN,2022-07-12 19:47:35
28,Yangjiang,21.85,111.9667,79.88,89,16,3.96,CN,2022-07-12 19:47:36
29,Codrington,-38.2667,141.9667,47.62,78,16,9.22,AU,2022-07-12 19:47:36
30,Pangody,65.85,74.4859,46.27,70,2,8.1,RU,2022-07-12 19:47:36
31,Mataura,-46.1927,168.8643,43.48,98,100,5.17,NZ,2022-07-12 19:47:37
32,Mandalgovi,45.7625,106.2708,54.72,71,0,9.06,MN,2022-07-12 19:47:37
33,Erenhot,43.6475,111.9767,69.19,38,0,15.66,CN,2022-07-12 19:47:37
34,Turinsk,58.0458,63.696,61.86,69,7,4.92,RU,2022-07-12 19:47:38
35,Pisco,-13.7,-76.2167,64.45,77,40,8.05,PE,2022-07-12 19:44:55
36,Nova Olimpia,-14.7972,-57.2881,90.16,33,33,9.89,BR,2022-07-12 19:47:38
37,Bethel,41.3712,-73.414,90.36,62,20,14.97,US,2022-07-12 19:47:38
38,Guerrero Negro,27.9769,-114.0611,72.75,65,86,14.74,MX,2022-07-12 19:47:38
39,Ribeira Grande,38.5167,-28.7,77.4,65,40,9.22,PT,2022-07-12 19:47:39
40,Leningradskiy,69.3833,178.4167,43.7,95,100,4.09,RU,2022-07-12 19:47:39
41,Durango,24.8333,-104.8333,82.65,26,96,10.89,MX,2022-07-12 19:46:21
42,Ulladulla,-35.35,150.4667,47.08,81,100,6.91,AU,2022-07-12 19:47:39
43,Norman Wells,65.282,-126.8329,69.84,68,75,4.61,CA,2022-07-12 19:47:40
44,Ambilobe,-13.2,49.05,69.17,76,4,3.85,MG,2022-07-12 19:47:40
45,Avarua,-21.2078,-159.775,75.25,64,40,6.91,CK,2022-07-12 19:47:40
46,Barrow,71.2906,-156.7887,37.42,87,100,10.36,US,2022-07-12 19:43:39
47,Bulgan,48.8125,103.5347,51.8,78,1,1.97,MN,2022-07-12 19:47:41
48,Antofagasta,-23.65,-70.4,60.08,69,8,4.94,CL,2022-07-12 19:46:03
49,Lagoa,39.05,-27.9833,70.14,91,10,11.92,PT,2022-07-12 19:48:41
50,Mednogorsk,51.4128,57.595,69.31,73,38,8.59,RU,2022-07-12 19:48:41
51,Homer,59.6425,-151.5483,64.29,67,100,1.99,US,2022-07-12 19:46:09
52,Georgetown,5.4112,100.3354,76.95,94,40,3.44,MY,2022-07-12 19:48:42
53,Lata,40.1629,-8.3327,89.49,40,100,0.87,PT,2022-07-12 19:48:42
54,Muli,2.9167,73.5667,81.55,73,24,5.03,MV,2022-07-12 19:48:43
55,Ilulissat,69.2167,-51.1,44.62,87,75,4.61,GL,2022-07-12 19:48:43
56,Marau,-28.4492,-52.2,51.75,76,84,4.94,BR,2022-07-12 19:48:43
57,Rohnert Park,38.3396,-122.7011,94.98,49,0,8.05,US,2022-07-12 19:48:04
58,Eydhafushi,5.1033,73.0708,81.54,73,64,9.6,MV,2022-07-12 19:48:44
59,Dikson,73.5069,80.5464,38.68,87,14,2.95,RU,2022-07-12 19:48:44
60,Sao Filipe,14.8961,-24.4956,74.77,82,4,5.97,CV,2022-07-12 19:48:44
61,Butaritari,3.0707,172.7902,82.11,77,100,17.2,KI,2022-07-12 19:48:45
62,Puerto Ayora,-0.7393,-90.3518,76.96,84,22,8.99,EC,2022-07-12 19:48:45
63,Atuona,-9.8,-139.0333,77.56,79,57,18.92,PF,2022-07-12 19:48:45
64,Brigantine,39.4101,-74.3646,94.03,70,20,8.05,US,2022-07-12 19:48:46
65,Nanortalik,60.1432,-45.2371,43.0,85,45,9.26,GL,2022-07-12 19:48:46
66,Coquimbo,-29.9533,-71.3436,62.33,55,0,10.36,CL,2022-07-12 19:48:46
67,Singaparna,-7.3515,108.111,71.4,97,90,0.85,ID,2022-07-12 19:48:47
68,Jamestown,42.097,-79.2353,81.52,58,75,14.97,US,2022-07-12 19:48:47
69,Praia Da Vitoria,38.7333,-27.0667,75.76,88,75,11.77,PT,2022-07-12 19:48:47
70,Mehamn,71.0357,27.8492,62.55,72,0,0.0,NO,2022-07-12 19:48:47
71,Kondoa,-4.9,35.7833,61.41,68,100,4.74,TZ,2022-07-12 19:48:48
72,Dzhebariki-Khaya,62.2167,135.8,62.4,99,100,3.4,RU,2022-07-12 19:48:48
73,Longyearbyen,78.2186,15.6401,46.24,93,75,2.3,SJ,2022-07-12 19:48:48
74,Flinders,-34.5833,150.8552,47.25,83,100,5.01,AU,2022-07-12 19:48:49
75,Roma,43.2128,-75.4557,87.08,60,40,18.41,US,2022-07-12 19:46:03
76,Narsaq,60.9167,-46.05,55.62,76,21,6.6,GL,2022-07-12 19:48:49
77,Clyde River,70.4692,-68.5914,46.63,66,20,5.75,CA,2022-07-12 19:48:49
78,Qaanaaq,77.484,-69.3632,42.96,67,65,4.56,GL,2022-07-12 19:48:50
79,Punta Arenas,-53.15,-70.9167,33.91,93,100,4.61,CL,2022-07-12 19:48:50
80,Lebu,-37.6167,-73.65,50.41,89,95,5.32,CL,2022-07-12 19:48:50
81,Sogne,58.0833,7.8167,63.16,88,78,4.0,NO,2022-07-12 19:48:51
82,Victoria,22.2855,114.1577,85.32,81,8,5.99,HK,2022-07-12 19:48:51
83,Maturin,9.75,-63.1767,79.66,85,98,8.34,VE,2022-07-12 19:48:51
84,Mar Del Plata,-38.0023,-57.5575,51.94,59,40,9.22,AR,2022-07-12 19:48:51
85,Faanui,-16.4833,-151.75,78.22,72,0,9.08,PF,2022-07-12 19:48:52
86,Honiara,-9.4333,159.95,75.99,79,32,5.77,SB,2022-07-12 19:48:52
87,Garowe,8.4054,48.4845,82.92,43,100,21.12,SO,2022-07-12 19:48:52
88,Hithadhoo,-0.6,73.0833,82.49,76,100,12.08,MV,2022-07-12 19:48:53
89,Banjar,-8.19,114.9675,75.0,89,98,4.38,ID,2022-07-12 19:48:53
90,Kaitangata,-46.2817,169.8464,45.27,96,100,14.14,NZ,2022-07-12 19:48:53
91,Albany,42.6001,-73.9662,89.38,58,27,13.33,US,2022-07-12 19:46:48
92,Bambous Virieux,-20.3428,57.7575,71.85,64,75,16.11,MU,2022-07-12 19:48:54
93,Galle,6.0367,80.217,79.23,83,20,13.4,LK,2022-07-12 19:48:54
94,Ponta Do Sol,32.6667,-17.1,73.0,70,45,3.36,PT,2022-07-12 19:49:54
95,Hailin,44.5833,129.4167,63.48,94,66,1.7,CN,2022-07-12 19:49:55
96,Cerkezkoy,41.285,28.0003,66.38,68,0,9.22,TR,2022-07-12 19:49:55
97,Linfen,36.0889,111.5189,78.31,72,100,0.98,CN,2022-07-12 19:49:55
98,Karlstad,59.3793,13.5036,68.56,56,100,10.36,SE,2022-07-12 19:49:56
99,Gornyy,55.1153,83.9059,50.09,94,2,7.47,RU,2022-07-12 19:49:56
100,Tuatapere,-46.1333,167.6833,42.78,96,100,6.64,NZ,2022-07-12 19:49:57
101,Jodhpur,26.2867,73.03,82.96,80,97,6.62,IN,2022-07-12 19:49:57
102,East London,-33.0153,27.9116,58.98,70,0,8.66,ZA,2022-07-12 19:47:38
103,Santa Lucia,27.9117,-15.5407,66.76,64,40,23.02,ES,2022-07-12 19:48:34
104,Salinas,36.6777,-121.6555,76.01,62,40,10.36,US,2022-07-12 19:48:04
105,La Ronge,55.1001,-105.2842,77.22,43,20,5.75,CA,2022-07-12 19:49:57
106,Rudnogorsk,57.2639,103.7519,46.94,95,60,1.52,RU,2022-07-12 19:49:58
107,Dingle,10.9995,122.6711,76.39,91,100,4.34,PH,2022-07-12 19:49:58
108,Geraldton,-28.7667,114.6,50.41,76,0,9.22,AU,2022-07-12 19:49:58
109,Vallenar,-28.5708,-70.7581,73.42,12,0,3.44,CL,2022-07-12 19:49:59
110,Souillac,-20.5167,57.5167,71.98,64,75,16.11,MU,2022-07-12 19:49:59
111,Hilo,19.7297,-155.09,84.27,67,75,7.0,US,2022-07-12 19:47:36
112,Mpanda,-6.3655,31.0409,66.52,52,12,4.21,TZ,2022-07-12 19:49:59
113,Dinghai,26.2847,119.7936,76.12,91,19,1.74,CN,2022-07-12 19:50:00
114,Bandarbeyla,9.4942,50.8122,76.33,84,100,30.02,SO,2022-07-12 19:50:00
115,Kapaa,22.0752,-159.319,80.92,70,75,13.8,US,2022-07-12 19:50:00
116,Severo-Kurilsk,50.6789,156.125,54.46,92,57,1.43,RU,2022-07-12 19:50:02
117,Ternate,0.8,127.4,78.69,83,98,6.29,ID,2022-07-12 19:48:46
118,Namatanai,-3.6667,152.4333,78.73,81,17,6.49,PG,2022-07-12 19:50:02
119,Ibra,22.6906,58.5334,80.35,78,79,3.06,OM,2022-07-12 19:50:03
120,Puerto Madero,14.7208,-92.4215,84.24,67,100,7.58,MX,2022-07-12 19:50:03
121,La Macarena,2.1837,-73.7849,83.21,64,58,5.19,CO,2022-07-12 19:50:04
122,Castro,-24.7911,-50.0119,64.92,61,2,4.21,BR,2022-07-12 19:50:04
123,Ixtapa,20.7,-105.2,88.23,67,31,5.99,MX,2022-07-12 19:50:05
124,Parati,-23.2178,-44.7131,79.2,50,93,2.48,BR,2022-07-12 19:50:05
125,Lorengau,-2.0226,147.2712,81.14,80,99,8.39,PG,2022-07-12 19:50:05
126,Port Hardy,50.6996,-127.4199,59.18,77,75,6.91,CA,2022-07-12 19:45:10
127,Henties Bay,-22.116,14.2845,55.44,89,0,8.99,NA,2022-07-12 19:50:06
128,Cortez,37.3489,-108.5859,88.56,25,0,11.5,US,2022-07-12 19:50:06
129,Maceio,-9.6658,-35.7353,80.04,73,40,10.36,BR,2022-07-12 19:50:06
130,Tual,-5.6667,132.75,78.58,84,100,19.95,ID,2022-07-12 19:50:07
131,Saint George,37.1041,-113.5841,109.63,14,0,5.75,US,2022-07-12 19:46:48
132,Saint-Philippe,-21.3585,55.7679,69.39,67,41,10.92,RE,2022-07-12 19:50:07
133,Alice Springs,-23.7,133.8833,33.35,93,0,0.0,AU,2022-07-12 19:47:31
134,Sao Gabriel Da Cachoeira,-0.1303,-67.0892,87.6,70,40,5.75,BR,2022-07-12 19:50:08
135,Newcastle,-32.9272,151.7765,50.72,92,100,11.5,AU,2022-07-12 19:46:18
136,Fort Nelson,58.8053,-122.7002,65.79,39,75,4.61,CA,2022-07-12 19:45:10
137,Fort Morgan,40.2503,-103.8,90.82,33,0,5.75,US,2022-07-12 19:50:08
138,Shache,38.4167,77.2406,77.09,29,100,5.21,CN,2022-07-12 19:50:08
139,Bredasdorp,-34.5322,20.0403,49.59,87,0,5.12,ZA,2022-07-12 19:51:09
140,Ancud,-41.8697,-73.8203,41.23,69,96,12.84,CL,2022-07-12 19:51:09
141,Lasa,46.6166,10.7002,72.48,65,29,6.15,IT,2022-07-12 19:51:09
142,Arraial Do Cabo,-22.9661,-42.0278,84.16,69,0,5.75,BR,2022-07-12 19:51:10
143,Pirae,-17.5167,-149.5333,80.62,74,20,3.44,PF,2022-07-12 19:51:10
144,Thompson,55.7435,-97.8558,71.76,40,20,4.61,CA,2022-07-12 19:46:44
145,Vaini,-21.2,-175.2,73.56,88,40,4.61,TO,2022-07-12 19:51:10
146,San Rafael,-34.6177,-68.3301,59.88,22,97,15.5,AR,2022-07-12 19:46:22
147,Airai,-8.9266,125.4092,51.93,83,59,2.66,TL,2022-07-12 19:51:11
148,Bengkulu,-3.8004,102.2655,74.95,93,100,4.09,ID,2022-07-12 19:51:11
149,Kencong,-8.2833,113.3667,73.17,92,34,2.75,ID,2022-07-12 19:51:11
150,Rujewa,-8.7,34.3833,65.43,59,100,11.52,TZ,2022-07-12 19:51:12
151,Filadelfia,39.9523,-75.1638,92.95,56,40,11.5,US,2022-07-12 19:49:16
152,Esperance,-33.8667,121.9,51.46,55,0,7.0,AU,2022-07-12 19:51:12
153,Wanaka,-44.7,169.15,36.1,96,100,1.01,NZ,2022-07-12 19:51:13
154,Margate,51.3813,1.3862,75.87,59,100,3.0,GB,2022-07-12 19:51:13
155,Blois,47.5833,1.3333,80.98,30,75,8.68,FR,2022-07-12 19:51:13
156,Hays,30.0502,-98.0336,106.3,33,8,1.99,US,2022-07-12 19:51:14
157,Berezovyy,51.6667,135.7,63.45,97,100,0.78,RU,2022-07-12 19:51:14
158,Grand-Lahou,5.1367,-5.0242,76.44,82,100,11.03,CI,2022-07-12 19:51:14
159,Paka,4.6374,103.4368,76.98,100,100,0.0,MY,2022-07-12 19:51:15
160,Wao,7.6833,124.6833,64.83,93,50,2.24,PH,2022-07-12 19:51:15
161,Kodiak,57.79,-152.4072,56.71,88,100,0.0,US,2022-07-12 19:48:03
162,Nantucket,41.2835,-70.0995,78.91,84,0,19.57,US,2022-07-12 19:51:16
163,Pell City,33.5862,-86.2861,91.72,62,75,5.75,US,2022-07-12 19:51:01
164,Kholodnyy,62.7167,147.95,69.33,78,98,9.78,RU,2022-07-12 19:51:16
165,Gobabis,-22.45,18.9667,56.91,35,0,11.81,NA,2022-07-12 19:51:16
166,Bagdarin,54.4333,113.6,54.3,95,98,2.42,RU,2022-07-12 19:51:17
167,Sitka,57.0531,-135.33,55.29,76,75,5.75,US,2022-07-12 19:51:17
168,Fairbanks,64.8378,-147.7164,73.22,79,40,3.44,US,2022-07-12 19:47:07
169,Berlevag,70.8578,29.0864,67.8,77,91,10.36,NO,2022-07-12 19:51:18
170,Cape Town,-33.9258,18.4232,60.39,85,0,6.91,ZA,2022-07-12 19:47:56
171,Wyszkow,52.5928,21.4584,69.15,50,100,24.56,PL,2022-07-12 19:51:18
172,Kudahuvadhoo,2.6708,72.8944,81.32,74,10,4.81,MV,2022-07-12 19:51:18
173,Harnosand,62.6323,17.9379,66.22,76,100,7.67,SE,2022-07-12 19:51:19
174,Teguldet,57.3064,88.1667,51.4,78,99,5.28,RU,2022-07-12 19:51:19
175,Tuktoyaktuk,69.4541,-133.0374,42.8,100,100,11.5,CA,2022-07-12 19:51:19
176,Inirida,3.8653,-67.9239,83.25,81,72,0.49,CO,2022-07-12 19:51:20
177,Yar-Sale,66.8333,70.8333,46.17,69,94,5.08,RU,2022-07-12 19:51:20
178,Alekseyevsk,57.8406,108.3492,55.13,98,100,3.49,RU,2022-07-12 19:51:20
179,Khonsa,27.0167,95.5667,69.44,96,100,4.72,IN,2022-07-12 19:51:20
180,Kloulklubed,7.0419,134.2556,82.33,77,86,8.9,PW,2022-07-12 19:51:21
181,Mersing,2.4312,103.8405,78.71,94,40,4.61,MY,2022-07-12 19:51:21
182,Bara,10.3744,10.7288,80.69,67,100,5.82,NG,2022-07-12 19:51:21
183,Uthai Thani,15.3833,99.55,74.62,90,100,3.38,TH,2022-07-12 19:51:22
184,Zhigansk,66.7697,123.3711,55.45,92,60,4.12,RU,2022-07-12 19:51:22
185,Vostok,46.4856,135.8833,59.43,96,100,2.95,RU,2022-07-12 19:52:22
186,Salinopolis,-0.6136,-47.3561,81.27,81,89,8.21,BR,2022-07-12 19:52:23
187,Mayumba,-3.432,10.6554,69.51,94,64,7.63,GA,2022-07-12 19:52:23
188,Kavieng,-2.5744,150.7967,81.46,77,24,12.48,PG,2022-07-12 19:52:24
189,Salalah,17.0151,54.0924,75.78,94,99,3.62,OM,2022-07-12 19:52:24
190,Cidreira,-30.1811,-50.2056,53.01,72,100,13.24,BR,2022-07-12 19:52:24
191,Mattru,7.6244,-11.8332,73.06,97,81,2.98,SL,2022-07-12 19:52:24
192,Liverpool,53.4106,-2.9779,74.91,60,0,12.66,GB,2022-07-12 19:50:24
193,San Vicente,-26.6167,-54.1333,56.61,60,1,4.5,AR,2022-07-12 19:52:25
194,Yerbogachen,61.2767,108.0108,41.02,83,55,2.17,RU,2022-07-12 19:52:25
195,Peleduy,59.6289,112.7406,54.52,87,100,5.68,RU,2022-07-12 19:52:26
196,Lazaro Cardenas,17.9583,-102.2,85.98,68,49,9.71,MX,2022-07-12 19:52:26
197,Cockburn Town,21.4612,-71.1419,82.26,78,5,17.4,TC,2022-07-12 19:47:59
198,Tasiilaq,65.6145,-37.6368,40.37,82,83,6.58,GL,2022-07-12 19:52:27
199,Port Lincoln,-34.7333,135.8667,54.37,60,100,10.0,AU,2022-07-12 19:52:27
200,Qui Nhon,13.7667,109.2333,78.85,87,100,2.26,VN,2022-07-12 19:52:27
201,Jarwal,27.1667,81.55,90.99,50,19,11.03,IN,2022-07-12 19:52:28
202,Ugoofaaru,5.6667,73.0,81.9,74,97,11.39,MV,2022-07-12 19:52:28
203,Grindavik,63.8424,-22.4338,52.27,71,75,20.71,IS,2022-07-12 19:52:28
204,Kyshtovka,56.555,76.6271,55.2,79,80,4.52,RU,2022-07-12 19:52:29
205,Benghazi,32.1167,20.0667,78.1,68,0,16.49,LY,2022-07-12 19:52:29
206,Enshi,30.3,109.4833,75.43,94,100,0.22,CN,2022-07-12 19:52:29
207,Narrabri,-30.3167,149.7833,42.89,93,100,3.44,AU,2022-07-12 19:52:29
208,Port Elizabeth,-33.918,25.5701,46.69,93,0,0.0,ZA,2022-07-12 19:52:30
209,Carnarvon,-24.8667,113.6333,64.98,69,0,2.64,AU,2022-07-12 19:52:30
210,Tashla,51.7716,52.7427,75.25,55,86,8.39,RU,2022-07-12 19:52:30
211,Palmer,42.1584,-72.3287,87.51,59,40,18.41,US,2022-07-12 19:52:31
212,Diadi,16.662,121.3658,73.85,97,100,0.94,PH,2022-07-12 19:52:31
213,Baruun-Urt,46.6806,113.2792,57.04,91,86,6.42,MN,2022-07-12 19:52:31
214,Anadyr,64.75,177.4833,61.3,67,0,6.71,RU,2022-07-12 19:52:32
215,Broken Hill,-31.95,141.4333,40.89,93,2,13.2,AU,2022-07-12 19:52:32
216,Prainha,-1.8,-53.48,86.52,59,76,3.27,BR,2022-07-12 19:52:33
217,Porto Walter,-8.2686,-72.7439,87.98,54,60,3.91,BR,2022-07-12 19:52:33
218,Gornopravdinsk,60.05,69.9,64.13,70,99,5.26,RU,2022-07-12 19:52:33
219,Verkhniye Kigi,55.4083,58.6044,64.02,92,94,4.03,RU,2022-07-12 19:52:34
220,Ostrovnoy,68.0531,39.5131,57.6,97,100,4.12,RU,2022-07-12 19:52:34
221,Orlik,52.5178,99.825,46.51,93,23,2.04,RU,2022-07-12 19:52:34
222,Tanah Merah,5.8,102.15,75.02,88,100,1.83,MY,2022-07-12 19:52:35
223,Beringovskiy,63.05,179.3167,54.59,72,100,9.73,RU,2022-07-12 19:52:35
224,Yokadouma,3.5167,15.05,69.64,93,100,2.3,CM,2022-07-12 19:52:35
225,Elmina,5.0898,-1.348,75.54,83,61,8.84,GH,2022-07-12 19:52:36
226,Saint-Georges,12.0564,-61.7485,81.09,80,100,14.92,GD,2022-07-12 19:50:45
227,Sayyan,15.1718,44.3244,59.31,50,100,8.93,YE,2022-07-12 19:53:36
228,Amahai,-3.3333,128.9167,76.64,87,100,5.59,ID,2022-07-12 19:53:36
229,Essau,13.4839,-16.5347,84.36,82,98,12.24,GM,2022-07-12 19:53:37
230,Siderno,38.2779,16.302,77.34,68,0,7.72,IT,2022-07-12 19:53:37
231,Portland,45.5234,-122.6762,91.53,42,0,10.36,US,2022-07-12 19:49:47
232,Iqaluit,63.7506,-68.5145,56.93,77,100,3.44,CA,2022-07-12 19:53:37
233,Oktyabrskoye,43.0645,44.7417,69.94,88,5,4.47,RU,2022-07-12 19:53:38
234,Svarstad,59.399,9.9698,66.99,41,96,4.63,NO,2022-07-12 19:53:38
235,Mbandaka,0.0487,18.2603,76.14,57,85,1.16,CD,2022-07-12 19:53:38
236,Buala,-8.145,159.5921,79.84,83,31,8.16,SB,2022-07-12 19:53:39
237,Upernavik,72.7868,-56.1549,42.53,84,76,2.48,GL,2022-07-12 19:53:39
238,Hami,42.8,93.45,84.87,21,96,16.04,CN,2022-07-12 19:53:39
239,Aklavik,68.2191,-135.0107,48.2,93,100,16.11,CA,2022-07-12 19:53:39
240,Juba,4.8517,31.5825,74.26,75,96,0.76,SS,2022-07-12 19:53:40
241,Kontagora,10.3999,5.4695,77.07,79,92,0.58,NG,2022-07-12 19:53:40
242,Lucapa,-8.4192,20.7447,70.56,30,0,2.64,AO,2022-07-12 19:53:40
243,Baracoa,20.3467,-74.4958,87.48,63,100,7.16,CU,2022-07-12 19:53:41
244,Batetskiy,58.6461,30.3027,61.68,98,4,5.44,RU,2022-07-12 19:53:41
245,Cayenne,4.9333,-52.3333,86.04,20,20,11.5,GF,2022-07-12 19:53:41
246,Shingu,33.7333,135.9833,74.28,91,43,3.8,JP,2022-07-12 19:53:42
247,Sargodha,32.0836,72.6711,96.28,44,67,7.31,PK,2022-07-12 19:53:42
248,Poum,-20.2333,164.0167,74.21,87,98,9.91,NC,2022-07-12 19:53:42
249,La Palma,33.8464,-118.0467,89.49,64,20,8.05,US,2022-07-12 19:53:42
250,Dwarka,22.2394,68.9678,81.5,86,99,21.77,IN,2022-07-12 19:53:43
251,Aldan,58.6031,125.3894,55.96,85,96,5.03,RU,2022-07-12 19:53:43
252,Jaque,7.5175,-78.1703,80.2,85,100,8.41,PA,2022-07-12 19:53:43
253,Sao Jose Da Coroa Grande,-8.8978,-35.1478,76.89,81,96,6.64,BR,2022-07-12 19:53:44
254,Ahuimanu,21.4447,-157.8378,81.18,73,100,9.22,US,2022-07-12 19:53:44
255,Hinton,53.4001,-117.5857,82.81,19,1,9.24,CA,2022-07-12 19:53:44
256,Neiafu,-18.65,-173.9833,77.68,78,20,10.36,TO,2022-07-12 19:53:45
257,Camopi,3.1655,-52.3158,78.1,96,64,3.4,GF,2022-07-12 19:53:45
258,Bellevue,47.6104,-122.2007,87.01,51,0,9.22,US,2022-07-12 19:49:39
259,Goderich,43.7501,-81.7165,73.72,64,27,10.36,CA,2022-07-12 19:49:56
260,Constitucion,-35.3333,-72.4167,52.86,66,100,2.37,CL,2022-07-12 19:53:45
261,Ourossogui,15.6064,-13.3211,102.2,32,0,4.61,SN,2022-07-12 19:53:46
262,Ponta Delgada,37.7333,-25.6667,72.32,83,40,14.97,PT,2022-07-12 19:53:46
263,Nokaneng,-19.6667,22.2667,60.55,34,2,6.87,BW,2022-07-12 19:53:46
264,Berdigestyakh,62.0989,126.6992,57.76,94,99,1.5,RU,2022-07-12 19:53:47
265,Santa Cruz Cabralia,-16.2781,-39.0247,77.23,65,20,8.05,BR,2022-07-12 19:53:47
266,Torbay,47.6666,-52.7314,72.37,45,75,16.11,CA,2022-07-12 19:53:47
267,Olinda,-8.0089,-34.8553,78.53,83,75,12.66,BR,2022-07-12 19:53:48
268,Klaksvik,62.2266,-6.589,50.92,87,100,30.67,FO,2022-07-12 19:53:48
269,Valley,45.1277,-116.1262,78.76,29,0,7.09,US,2022-07-12 19:53:48
270,Chokurdakh,70.6333,147.9167,45.86,89,100,10.16,RU,2022-07-12 19:53:49
271,Plavinas,56.6178,25.7255,60.58,97,36,5.28,LV,2022-07-12 19:53:49
272,Beamsville,43.1668,-79.4829,84.31,66,88,14.0,CA,2022-07-12 19:51:29
273,Toamasina,-18.1667,49.3833,68.0,94,75,4.61,MG,2022-07-12 19:54:49
274,Nikolskoye,59.7035,30.7861,69.69,98,68,5.39,RU,2022-07-12 19:54:50
275,Jining,35.405,116.5814,74.52,88,100,4.81,CN,2022-07-12 19:54:50
276,Lengshuitan,26.4111,111.5956,78.75,86,33,5.12,CN,2022-07-12 19:54:50
277,Rezekne,56.5,27.3167,56.73,92,65,7.83,LV,2022-07-12 19:54:50
278,Iskateley,67.6803,53.1512,66.16,83,18,4.74,RU,2022-07-12 19:54:51
279,Maningrida,-12.0667,134.2667,55.17,79,74,12.15,AU,2022-07-12 19:54:51
280,Baghmara,23.795,86.2085,81.52,78,91,10.4,IN,2022-07-12 19:54:52
281,Sorland,67.667,12.6934,57.06,95,100,15.12,NO,2022-07-12 19:54:52
282,Estelle,29.8458,-90.1067,93.99,62,0,6.91,US,2022-07-12 19:54:52
283,Fortuna,40.5982,-124.1573,68.94,77,0,4.0,US,2022-07-12 19:54:53
284,Envira,-7.3,-70.2167,81.12,71,100,2.19,BR,2022-07-12 19:54:53
285,El Alto,-4.2714,-81.2147,73.06,72,17,18.88,PE,2022-07-12 19:54:53
286,Abu Samrah,35.3029,37.1841,78.85,54,0,9.4,SY,2022-07-12 19:54:53
287,Ust-Karsk,52.7011,118.8077,56.77,98,100,2.93,RU,2022-07-12 19:54:54
288,Chodavaram,17.8333,82.95,80.44,82,99,7.92,IN,2022-07-12 19:54:54
289,Te Anau,-45.4167,167.7167,38.43,99,100,3.24,NZ,2022-07-12 19:54:54
290,Banda Aceh,5.5577,95.3222,79.75,77,100,13.18,ID,2022-07-12 19:54:55
291,Itarema,-2.9248,-39.9167,80.4,78,82,14.72,BR,2022-07-12 19:54:55
292,Pechory,57.8164,27.6119,63.86,96,7,7.63,RU,2022-07-12 19:54:55
293,Cherskiy,68.75,161.3,53.96,67,0,13.27,RU,2022-07-12 19:54:56
294,Cap Malheureux,-19.9842,57.6142,71.47,64,98,8.01,MU,2022-07-12 19:54:56
295,Kisii,-0.6817,34.7667,57.18,76,62,7.49,KE,2022-07-12 19:54:56
296,Vaitape,-16.5167,-151.75,78.22,72,0,9.15,PF,2022-07-12 19:54:57
297,Acapulco,16.8634,-99.8901,87.03,69,41,8.81,MX,2022-07-12 19:54:57
298,Katsuura,35.1333,140.3,71.62,93,97,5.66,JP,2022-07-12 19:54:57
299,Hasaki,35.7333,140.8333,73.8,93,100,8.19,JP,2022-07-12 19:54:58
300,Nova Odesa,47.3078,31.7851,62.02,62,6,5.01,UA,2022-07-12 19:54:58
301,Loandjili,-4.7561,11.8578,70.32,92,78,5.53,CG,2022-07-12 19:54:58
302,Igunga,-4.2833,33.8833,66.76,53,6,7.7,TZ,2022-07-12 19:53:47
303,Dubbo,-32.25,148.6167,41.13,100,75,2.3,AU,2022-07-12 19:54:59
304,Tungor,53.3808,142.9564,56.5,79,0,10.89,RU,2022-07-12 19:54:59
305,Parrita,9.5201,-84.3225,80.55,81,96,4.85,CR,2022-07-12 19:54:59
306,Egvekinot,66.3167,-179.1667,44.8,87,100,8.12,RU,2022-07-12 19:55:00
307,Salo,45.6086,10.531,82.49,65,49,7.18,IT,2022-07-12 19:55:00
308,Honningsvag,70.9821,25.9704,58.75,77,33,2.3,NO,2022-07-12 19:55:00
309,Fier,40.7239,19.5561,69.21,68,48,4.16,AL,2022-07-12 19:53:55
310,Curuca,-0.7289,-47.8481,78.82,93,83,2.86,BR,2022-07-12 19:55:01
311,Seoni Malwa,22.45,77.4667,75.06,96,100,11.7,IN,2022-07-12 19:55:01
312,Provideniya,64.3833,-173.3,53.56,72,99,5.75,RU,2022-07-12 19:55:02
313,Saldanha,-33.0117,17.9442,48.25,78,0,5.28,ZA,2022-07-12 19:55:02
314,Springbok,-29.6643,17.8865,49.95,46,0,2.37,ZA,2022-07-12 19:55:02
315,Avera,33.194,-82.5271,85.51,57,100,5.66,US,2022-07-12 19:55:03
316,Khatanga,71.9667,102.5,37.44,95,100,10.94,RU,2022-07-12 19:55:03
317,Sehwan,26.4279,67.863,93.31,59,1,5.84,PK,2022-07-12 19:56:04
318,Manggar,-2.8833,108.2667,79.75,82,100,3.24,ID,2022-07-12 19:56:04
319,Oranjemund,-28.55,16.4333,55.17,86,0,11.36,NA,2022-07-12 19:56:04
320,Yumen,40.2833,97.2,77.58,15,73,16.44,CN,2022-07-12 19:56:05
321,Raudeberg,61.9875,5.1352,56.07,86,13,22.15,NO,2022-07-12 19:56:05
322,Alofi,-19.0595,-169.9187,75.09,83,59,12.66,NU,2022-07-12 19:56:05
323,Namibe,-15.1961,12.1522,63.55,85,1,3.49,AO,2022-07-12 19:56:06
324,Nayagarh,20.1333,85.1,77.77,92,9,2.48,IN,2022-07-12 19:56:06
325,Sarangani,5.4033,125.4636,82.04,75,99,6.2,PH,2022-07-12 19:56:06
326,Gimli,50.6336,-96.9907,69.82,78,5,17.27,CA,2022-07-12 19:56:07
327,Bahia Blanca,-38.7196,-62.2724,55.92,38,40,20.71,AR,2022-07-12 19:56:07
328,Pacific Grove,36.6177,-121.9166,74.21,76,40,12.66,US,2022-07-12 19:56:07
329,Galesong,-5.3166,119.3661,73.42,81,82,6.49,ID,2022-07-12 19:56:07
330,Todos Santos,23.45,-110.2167,100.04,59,49,8.97,MX,2022-07-12 19:56:08
331,Ivdel,60.6911,60.4206,64.4,93,94,2.75,RU,2022-07-12 19:56:08
332,Pevek,69.7008,170.3133,37.51,96,100,16.78,RU,2022-07-12 19:56:08
333,Quatre Cocos,-20.2078,57.7625,71.71,68,98,14.81,MU,2022-07-12 19:56:09
334,Rundu,-17.9333,19.7667,58.98,37,0,6.35,NA,2022-07-12 19:56:09
335,Samarai,-10.6167,150.6667,79.25,83,33,6.44,PG,2022-07-12 19:56:09
336,Ubinskoye,55.3068,79.6802,54.05,81,10,6.91,RU,2022-07-12 19:56:09
337,Hermiston,45.8404,-119.2895,98.82,33,0,1.01,US,2022-07-12 19:56:10
338,Kautokeino,69.0125,23.0412,65.28,57,30,7.92,NO,2022-07-12 19:56:10
339,Mengyin,35.7069,117.9264,75.27,91,100,4.09,CN,2022-07-12 19:56:10
340,Sabang,5.8933,95.3214,82.04,78,100,21.63,ID,2022-07-12 19:56:11
341,Eyl,7.9803,49.8164,78.39,73,100,23.17,SO,2022-07-12 19:56:11
342,Viedma,-40.8135,-62.9967,57.22,33,5,19.04,AR,2022-07-12 19:56:11
343,Ust-Kuyga,70.0167,135.6,41.67,85,100,5.93,RU,2022-07-12 19:56:12
344,Diu,20.7141,70.9822,80.19,86,100,23.69,IN,2022-07-12 19:56:12
345,San Ignacio,17.1561,-89.0714,91.54,55,75,4.61,BZ,2022-07-12 19:56:12
346,Cassilandia,-19.1133,-51.7342,82.83,32,100,1.5,BR,2022-07-12 19:56:13
347,Vardo,70.3705,31.1107,57.18,82,0,10.36,NO,2022-07-12 19:56:13
348,Mahebourg,-20.4081,57.7,71.89,64,75,16.11,MU,2022-07-12 19:56:13
349,Paracuru,-3.41,-39.0306,81.1,78,70,12.88,BR,2022-07-12 19:56:14
350,Saint-Louis,16.3333,-15.0,94.64,40,16,18.68,SN,2022-07-12 19:56:14
351,Aquiraz,-3.9014,-38.3911,82.49,80,54,9.26,BR,2022-07-12 19:56:14
352,Zitlala,17.6333,-99.0833,73.6,59,67,1.97,MX,2022-07-12 19:56:14
353,Kruisfontein,-34.0033,24.7314,51.37,82,0,5.64,ZA,2022-07-12 19:56:15
354,Muslyumovo,55.3033,53.1947,68.54,66,100,4.43,RU,2022-07-12 19:56:15
355,Awbari,26.5921,12.7805,88.92,24,0,11.3,LY,2022-07-12 19:56:15
356,Half Moon Bay,37.4636,-122.4286,85.91,67,100,9.22,US,2022-07-12 19:56:16
357,Gainesville,29.6516,-82.3248,94.01,55,43,3.0,US,2022-07-12 19:53:32
358,Coihaique,-45.5752,-72.0662,38.01,75,40,4.61,CL,2022-07-12 19:56:16
359,Tutin,42.9903,20.3314,50.9,70,8,4.21,RS,2022-07-12 19:56:16
360,Alyangula,-13.8483,136.4192,67.23,53,11,14.67,AU,2022-07-12 19:56:17
361,Honnali,14.25,75.6667,71.13,89,100,16.84,IN,2022-07-12 19:56:17
362,Polewali,-3.4324,119.3435,74.66,82,81,3.42,ID,2022-07-12 19:52:58
363,Ahipara,-35.1667,173.1667,58.19,85,93,11.61,NZ,2022-07-12 19:56:18
364,Naron,43.5167,-8.1528,86.85,61,0,7.0,ES,2022-07-12 19:55:44
365,Malinao,7.5917,124.6889,67.06,93,60,1.97,PH,2022-07-12 19:57:18
366,Tilichiki,60.4667,166.1,58.26,72,8,4.41,RU,2022-07-12 19:57:18
367,Dudinka,69.4058,86.1778,45.63,71,58,12.62,RU,2022-07-12 19:57:19
368,Faya,18.3851,42.4509,70.32,46,100,6.76,SA,2022-07-12 19:57:19
369,Brownsville,25.9018,-97.4975,99.09,58,27,5.99,US,2022-07-12 19:57:19
370,Sobolevo,54.4299,31.8996,53.56,94,70,13.02,RU,2022-07-12 19:57:20
371,San Antonio,29.4241,-98.4936,105.91,40,69,3.13,US,2022-07-12 19:56:51
372,Porto Novo,6.4965,2.6036,75.02,82,75,8.46,BJ,2022-07-12 19:57:20
373,Laguna,38.421,-121.4238,99.32,34,0,6.91,US,2022-07-12 19:57:20
374,Baculin,7.4525,126.5842,77.59,85,100,3.98,PH,2022-07-12 19:57:21
375,Maneadero,31.7167,-116.5667,75.87,58,96,10.13,MX,2022-07-12 19:57:21
376,Halifax,44.6453,-63.5724,73.29,64,20,16.11,CA,2022-07-12 19:53:56
377,Road Town,18.4167,-64.6167,87.84,70,20,11.5,VG,2022-07-12 19:57:22
378,Camacha,33.0833,-16.3333,67.42,68,20,9.22,PT,2022-07-12 19:57:22
379,Shepsi,44.0361,39.1489,73.51,72,76,5.46,RU,2022-07-12 19:57:23
380,Luderitz,-26.6481,15.1594,57.74,67,0,14.63,NA,2022-07-12 19:57:23
381,Hovd,48.0056,91.6419,66.65,46,100,6.38,MN,2022-07-12 19:57:23
382,Santiago De Cao,-7.9589,-79.2392,62.73,82,75,10.36,PE,2022-07-12 19:57:24
383,Contamana,-7.3333,-75.0167,92.64,42,21,1.88,PE,2022-07-12 19:57:24
384,Damavand,35.7178,52.065,70.63,34,0,8.52,IR,2022-07-12 19:57:24
385,Nelson Bay,-32.7167,152.15,51.01,96,100,14.0,AU,2022-07-12 19:57:24
386,Pangnirtung,66.1451,-65.7125,48.2,100,100,3.44,CA,2022-07-12 19:57:25
387,Amalner,21.05,75.0667,77.09,85,100,18.25,IN,2022-07-12 19:57:25
388,Bulancak,40.9372,38.2291,72.23,75,100,4.85,TR,2022-07-12 19:57:25
389,Ouesso,1.6136,16.0517,77.2,72,100,2.73,CG,2022-07-12 19:57:26
390,Domoni,-12.2569,44.5319,75.22,80,96,8.52,KM,2022-07-12 19:57:26
391,Mount Gambier,-37.8333,140.7667,41.05,90,4,3.58,AU,2022-07-12 19:57:26
392,Rosario,-32.9468,-60.6393,57.94,44,0,9.22,AR,2022-07-12 19:56:26
393,Idritsa,56.3316,28.8988,55.18,95,26,8.16,RU,2022-07-12 19:57:27
394,Padang,-0.9492,100.3543,77.61,87,92,3.22,ID,2022-07-12 19:57:27
395,Zhengjiatun,43.5064,123.5064,71.42,93,100,5.99,CN,2022-07-12 19:57:27
396,Meulaboh,4.1363,96.1285,76.3,85,96,6.73,ID,2022-07-12 19:57:28
397,Scarborough,54.2797,-0.4044,70.92,59,12,3.0,GB,2022-07-12 19:55:54
398,Muncar,-8.4333,114.3333,75.67,90,99,5.79,ID,2022-07-12 19:57:28
399,Cluses,46.0625,6.575,78.53,68,31,3.69,FR,2022-07-12 19:57:28
400,Cabo San Lucas,22.8909,-109.9124,83.05,64,31,12.03,MX,2022-07-12 19:57:29
401,Denpasar,-8.65,115.2167,78.46,83,40,13.8,ID,2022-07-12 19:52:51
402,Markova,48.6758,24.4138,55.47,70,100,10.07,UA,2022-07-12 19:57:29
403,Grand Gaube,-20.0064,57.6608,72.0,64,98,8.01,MU,2022-07-12 19:57:29
404,Minggang,32.4586,114.0486,82.11,84,26,4.05,CN,2022-07-12 19:57:30
405,Bubaque,11.2833,-15.8333,81.0,79,100,9.46,GW,2022-07-12 19:57:30
406,Hamilton,39.1834,-84.5333,90.95,43,0,5.99,US,2022-07-12 19:57:26
407,Elizabeth City,36.2946,-76.2511,91.0,66,20,8.99,US,2022-07-12 19:53:56
408,Caravelas,-17.7125,-39.2481,72.48,73,9,4.5,BR,2022-07-12 19:57:30
409,Oron,4.8256,8.2343,73.36,92,77,3.38,NG,2022-07-12 19:57:31
410,Tautira,-17.7333,-149.15,75.72,81,40,15.26,PF,2022-07-12 19:58:31
411,Mogadishu,2.0371,45.3438,76.26,83,38,20.11,SO,2022-07-12 19:54:31
412,Nizwa,22.9333,57.5333,82.92,73,92,2.42,OM,2022-07-12 19:58:32
413,Buraydah,26.326,43.975,93.65,11,99,8.37,SA,2022-07-12 19:58:32
414,Japura,-0.3167,102.35,74.75,97,100,1.5,ID,2022-07-12 19:58:32
415,Mutsu,41.2894,141.2169,67.5,97,100,7.85,JP,2022-07-12 19:58:32
416,Manjo,4.8428,9.8217,69.64,99,93,1.28,CM,2022-07-12 19:58:33
417,Reconquista,-29.15,-59.65,57.92,44,0,2.1,AR,2022-07-12 19:57:11
418,Belmonte,-15.8631,-38.8828,74.44,66,24,5.28,BR,2022-07-12 19:58:33
419,Sao Joao Da Barra,-21.6403,-41.0511,80.69,81,70,19.22,BR,2022-07-12 19:58:34
420,Dunedin,-45.8742,170.5036,46.85,96,100,14.14,NZ,2022-07-12 19:58:34
421,Gangtok,27.3333,88.6167,64.76,91,100,2.51,IN,2022-07-12 19:58:34
422,Bathsheba,13.2167,-59.5167,88.41,83,40,20.71,BB,2022-07-12 19:58:35
423,Volgodonsk,47.5136,42.1514,73.63,55,97,6.13,RU,2022-07-12 19:58:35
424,Aksu,41.1231,80.2644,73.0,38,71,6.46,CN,2022-07-12 19:58:35
425,San Cristobal,7.7669,-72.225,82.58,67,53,7.07,VE,2022-07-12 19:58:36
426,Oranjestad,12.524,-70.027,85.95,74,20,26.46,AW,2022-07-12 19:58:36
427,Xining,36.6167,101.7667,57.13,81,36,2.8,CN,2022-07-12 19:55:11
428,Pinawa,50.1489,-95.8811,75.97,52,10,8.25,CA,2022-07-12 19:58:36
429,Kirakira,-10.4544,161.9205,79.61,82,63,9.08,SB,2022-07-12 19:58:37
430,Evensk,61.95,159.2333,53.85,84,33,3.78,RU,2022-07-12 19:57:21
431,Luganville,-15.5333,167.1667,76.78,80,62,5.21,VU,2022-07-12 19:58:37
432,Husavik,66.0449,-17.3389,42.76,95,100,19.06,IS,2022-07-12 19:58:37
433,Cabedelo,-6.9811,-34.8339,83.07,80,12,11.9,BR,2022-07-12 19:58:38
434,Udachnyy,66.4167,112.4,50.45,93,0,4.34,RU,2022-07-12 19:58:38
435,Minab,27.1467,57.0801,91.72,62,96,1.14,IR,2022-07-12 19:58:38
436,Chengde,40.9725,117.9361,68.25,94,22,2.3,CN,2022-07-12 19:58:39
437,Hanzhong,33.0728,107.0303,74.5,95,100,1.81,CN,2022-07-12 19:58:39
438,Hohhot,40.8106,111.6522,64.69,88,0,4.47,CN,2022-07-12 19:58:39
439,Yanam,16.7333,82.2167,76.51,81,100,12.8,IN,2022-07-12 19:58:39
440,Marrakesh,31.6315,-8.0083,93.27,36,75,9.22,MA,2022-07-12 19:55:20
441,Axim,4.8699,-2.2405,75.74,81,100,10.16,GH,2022-07-12 19:58:40
442,Nalut,30.3333,10.85,89.13,18,0,11.48,LY,2022-07-12 19:58:40
443,Lompoc,34.6391,-120.4579,87.01,66,8,7.0,US,2022-07-12 19:58:40
444,Walvis Bay,-22.9575,14.5053,56.35,82,0,2.3,NA,2022-07-12 19:58:41
445,Anloga,5.7947,0.8973,76.46,82,47,11.18,GH,2022-07-12 19:58:41
446,Moyale,3.5167,39.0584,68.23,60,99,14.92,KE,2022-07-12 19:58:41
447,Burgos,42.3394,-3.7079,82.81,32,0,12.66,ES,2022-07-12 19:58:42
448,Bourail,-21.5667,165.4833,69.42,90,86,4.12,NC,2022-07-12 19:58:42
449,Mizque,-17.941,-65.3402,69.46,53,73,12.44,BO,2022-07-12 19:58:42
450,Nome,64.5011,-165.4064,61.16,74,24,3.29,US,2022-07-12 19:58:43
451,Rocha,-34.4833,-54.3333,46.33,68,22,7.74,UY,2022-07-12 19:58:43
452,Morros,-9.4467,-46.3003,90.46,24,50,6.22,BR,2022-07-12 19:58:43
453,San Andres,12.5847,-81.7006,87.82,74,40,10.36,CO,2022-07-12 19:55:35
454,Santa Maria Del Oro,25.9333,-105.3667,82.26,32,100,7.11,MX,2022-07-12 19:58:44
455,Coaticook,45.1334,-71.7991,83.97,75,4,14.36,CA,2022-07-12 19:58:44
456,Yeniseysk,58.4497,92.1703,48.27,89,54,4.83,RU,2022-07-12 19:59:44
457,Linxia,35.6003,103.2064,59.49,76,47,4.23,CN,2022-07-12 19:59:45
458,Bo Phloi,14.3236,99.5161,75.88,82,100,6.02,TH,2022-07-12 19:59:45
459,Karatsu,33.4425,129.9697,75.09,53,99,1.99,JP,2022-07-12 19:59:45
460,Vao,-22.6667,167.4833,72.34,81,93,13.29,NC,2022-07-12 19:59:45
461,Uto,32.6833,130.6667,79.18,90,100,0.54,JP,2022-07-12 19:59:46
462,Port Moresby,-9.4431,147.1797,74.75,88,17,6.6,PG,2022-07-12 19:59:46
463,Imbituba,-28.24,-48.6703,65.86,85,7,7.0,BR,2022-07-12 19:59:46
464,Cururupu,-1.8283,-44.8683,81.34,75,100,4.07,BR,2022-07-12 19:55:08
465,Dire Dawa,9.5931,41.8661,70.9,73,100,12.86,ET,2022-07-12 19:59:47
466,Inverell,-29.7833,151.1167,40.15,91,16,1.99,AU,2022-07-12 19:59:47
467,Port Blair,11.6667,92.75,82.44,89,100,4.61,IN,2022-07-12 19:59:47
468,Bairiki,1.3292,172.9752,80.6,78,40,13.8,KI,2022-07-12 19:59:48
469,Yuksekova,37.5736,44.2872,64.22,37,0,5.95,TR,2022-07-12 19:59:48
470,Rawson,-43.3002,-65.1023,50.99,37,47,17.45,AR,2022-07-12 19:59:48
471,Ketchikan,55.3422,-131.6461,53.58,94,100,5.3,US,2022-07-12 19:59:49
472,Karaton,-6.3424,106.1045,73.96,94,100,1.79,ID,2022-07-12 19:59:49
473,Deputatskiy,69.3,139.9,56.77,71,97,2.1,RU,2022-07-12 19:59:49
474,Bobo Dioulasso,11.1771,-4.2979,84.65,65,20,3.44,BF,2022-07-12 19:59:49
475,Finschhafen,-6.6024,147.8681,78.08,77,6,9.19,PG,2022-07-12 19:59:50
476,Tari,12.4086,4.4914,88.56,51,100,10.07,NG,2022-07-12 19:59:50
477,Kununurra,-15.7667,128.7333,64.38,19,0,12.66,AU,2022-07-12 19:59:50
478,Nova Vicosa,-17.8919,-39.3719,74.23,70,11,7.63,BR,2022-07-12 19:59:51
479,Taltal,-25.4,-70.4833,62.91,61,22,2.42,CL,2022-07-12 19:59:51
480,Black River,18.0264,-77.8487,89.19,56,88,20.42,JM,2022-07-12 19:59:51
481,Novopokrovka,49.8425,36.5477,60.24,63,14,5.66,UA,2022-07-12 19:59:52
482,Harper,4.375,-7.7169,76.6,78,100,11.65,LR,2022-07-12 19:59:52
483,Hailar,49.2,119.7,60.87,95,98,9.26,CN,2022-07-12 19:59:52
484,Methoni,36.8197,21.7049,79.21,68,0,6.29,GR,2022-07-12 19:59:53
485,Rimbey,52.6334,-114.2353,83.62,66,0,11.3,CA,2022-07-12 19:59:53
486,Rach Gia,10.0167,105.0833,77.25,93,100,27.09,VN,2022-07-12 19:59:53
487,Naze,28.3667,129.4833,76.12,89,90,6.42,JP,2022-07-12 19:59:54
488,Ola,59.5833,151.2833,56.1,98,100,3.24,RU,2022-07-12 19:59:54
489,Lakeway,30.3638,-97.9796,108.01,32,40,5.75,US,2022-07-12 19:59:54
490,Richards Bay,-28.783,32.0377,64.53,85,28,6.08,ZA,2022-07-12 19:59:54
491,Altamira,-3.2033,-52.2064,85.86,66,79,1.81,BR,2022-07-12 19:56:53
492,Iquitos,-3.7481,-73.2472,89.64,62,75,5.75,PE,2022-07-12 19:59:55
493,Sinnamary,5.3833,-52.95,82.11,73,90,7.36,GF,2022-07-12 19:59:55
494,Damghan,36.1683,54.348,76.82,28,0,4.68,IR,2022-07-12 19:59:55
495,Tacoronte,28.4769,-16.4102,65.16,84,40,18.41,ES,2022-07-12 19:59:56
496,Najran,17.4924,44.1277,72.25,26,100,14.41,SA,2022-07-12 19:59:56
497,Ondangwa,-17.9167,15.95,59.0,33,0,3.44,NA,2022-07-12 19:59:56
498,Aberdeen,57.1437,-2.0981,66.65,67,8,6.91,GB,2022-07-12 19:59:57
499,Hvolsvollur,63.7533,-20.2243,54.27,68,99,13.15,IS,2022-07-12 19:59:57
500,Jacareacanga,-6.2222,-57.7528,95.9,29,77,2.3,BR,2022-07-12 19:59:57
501,Louis Trichardt,-23.0439,29.9032,57.0,68,3,4.5,ZA,2022-07-12 19:59:58
502,Kerema,-7.9631,145.7785,77.2,88,51,4.09,PG,2022-07-12 19:59:58
503,Mikhaylovka,50.06,43.2379,73.71,45,3,5.77,RU,2022-07-12 19:59:58
504,Praya,14.9215,-23.5087,81.14,69,0,12.66,CV,2022-07-12 19:59:36
505,Itoman,26.1247,127.6694,82.42,89,77,5.75,JP,2022-07-12 20:00:59
506,Mandiana,10.6333,-8.6833,77.59,78,16,5.21,GN,2022-07-12 20:00:59
507,Qaqortoq,60.7167,-46.0333,44.47,80,19,5.32,GL,2022-07-12 20:00:59
508,Valleyview,55.0667,-117.2859,71.46,53,38,4.76,CA,2022-07-12 20:01:00
509,Komsomolskiy,40.4272,71.7189,78.44,34,100,2.01,UZ,2022-07-12 20:01:00
510,Shwebo,22.5667,95.7,83.77,70,96,9.64,MM,2022-07-12 20:01:00
511,Comodoro Rivadavia,-45.8667,-67.5,46.26,49,20,17.27,AR,2022-07-12 19:58:05
512,Shizunai,42.3339,142.3669,66.58,96,100,1.23,JP,2022-07-12 19:58:15
513,Auki,-8.7676,160.7034,78.03,83,28,3.36,SB,2022-07-12 20:01:01
514,Okhotsk,59.3833,143.3,58.78,91,100,9.15,RU,2022-07-12 20:01:01
515,Apartado,7.883,-76.6259,81.12,89,100,1.12,CO,2022-07-12 20:01:01
516,Saint-Joseph,-21.3667,55.6167,68.38,65,29,11.18,RE,2022-07-12 20:01:02
517,Gazanjyk,39.2446,55.5154,84.22,24,0,7.9,TM,2022-07-12 20:01:02
518,College,64.8569,-147.8028,72.21,75,100,3.24,US,2022-07-12 20:01:03
519,Baykit,61.67,96.37,50.18,79,100,2.21,RU,2022-07-12 20:01:03
520,Kuzovatovo,53.5468,47.6866,74.5,53,53,11.36,RU,2022-07-12 20:01:04
521,Bani,18.2833,-70.3333,85.86,64,3,17.05,DO,2022-07-12 20:01:04
522,Mawlaik,23.6333,94.4167,78.84,88,76,0.54,MM,2022-07-12 20:01:04
523,Krasnoborsk,61.5598,45.934,65.55,98,80,6.35,RU,2022-07-12 20:01:05
524,Pochutla,15.7432,-96.4661,87.82,59,81,6.22,MX,2022-07-12 20:01:05
525,Pechora,65.1472,57.2244,67.21,86,50,6.76,RU,2022-07-12 20:01:05
526,Gornozavodsk,58.3758,58.3211,63.23,96,84,2.68,RU,2022-07-12 20:01:06
527,Opunake,-39.4556,173.8583,57.11,86,23,20.54,NZ,2022-07-12 20:01:06
528,Langres,47.8333,5.3333,66.51,46,22,7.34,FR,2022-07-12 20:01:07
529,Kahului,20.8947,-156.47,84.97,79,68,13.0,US,2022-07-12 20:01:07
530,Martapura,-3.4167,114.85,77.09,88,20,1.14,ID,2022-07-12 20:01:07
531,Anori,-3.7728,-61.6442,86.41,64,92,1.41,BR,2022-07-12 20:01:08
532,Inta,66.0317,60.1659,65.97,65,61,8.7,RU,2022-07-12 20:01:08
533,Jaszkiser,47.45,20.2167,69.8,46,88,9.44,HU,2022-07-12 20:01:09
534,Atbasar,51.8,68.3333,67.28,66,13,6.91,KZ,2022-07-12 20:01:09
535,Havelock,34.8791,-76.9013,84.96,83,100,8.01,US,2022-07-12 20:01:09
536,Prince Rupert,54.3161,-130.3201,53.69,87,100,6.91,CA,2022-07-12 20:01:07
537,Haines Junction,60.7522,-137.5108,43.77,94,100,4.7,CA,2022-07-12 20:01:10
538,Truro,50.2653,-5.0544,70.88,64,0,3.44,GB,2022-07-12 20:01:10
539,Sur,22.5667,59.5289,87.44,71,93,8.32,OM,2022-07-12 20:01:10
540,Los Llanos De Aridane,28.6585,-17.9182,68.13,81,75,13.8,ES,2022-07-12 20:01:11
541,Boden,65.8252,21.6886,66.2,75,0,4.81,SE,2022-07-12 20:01:11
542,Cascais,38.6979,-9.4215,88.95,32,0,4.61,PT,2022-07-12 19:56:48
543,Dali,25.7,100.1833,63.82,92,4,3.89,CN,2022-07-12 20:01:12
544,Piacabucu,-10.4056,-36.4344,75.63,85,14,10.87,BR,2022-07-12 20:01:12
545,Sumbe,-11.2061,13.8437,68.76,92,68,6.93,AO,2022-07-12 20:01:12
546,Tabuk,17.4189,121.4443,73.94,96,100,3.06,PH,2022-07-12 20:01:13
547,Talnakh,69.4865,88.3972,44.78,72,97,10.27,RU,2022-07-12 20:01:13
548,Krasnoselkup,65.7,82.4667,43.47,74,24,8.21,RU,2022-07-12 20:01:14
549,Smithers,54.7804,-127.1743,60.6,53,98,5.17,CA,2022-07-12 20:00:08
550,Yarkovo,57.4028,67.0786,60.46,74,6,1.52,RU,2022-07-12 20:01:14
551,Fukuma,33.7667,130.4667,75.2,82,99,5.53,JP,2022-07-12 20:01:14
552,Bull Savanna,17.8868,-77.5902,85.26,59,73,19.93,JM,2022-07-12 20:02:15
553,Nabire,-3.3667,135.4833,74.86,91,100,2.55,ID,2022-07-12 20:02:15
554,Izberbash,42.5696,47.8645,75.25,67,0,4.59,RU,2022-07-12 20:02:16
555,Kapit,2.0167,112.9333,72.77,100,90,1.59,MY,2022-07-12 20:02:16
556,Aras,42.5617,-2.356,86.41,22,0,3.44,ES,2022-07-12 20:02:16
557,Saint-Augustin,51.226,-58.6502,58.21,84,100,16.22,CA,2022-07-12 20:02:17
558,Watsa,3.0372,29.5355,70.5,65,100,1.1,CD,2022-07-12 19:59:12
559,Upington,-28.4478,21.2561,58.59,29,0,6.04,ZA,2022-07-12 20:02:17
560,Gryfino,53.2524,14.4883,67.55,70,7,7.94,PL,2022-07-12 20:02:17
561,Porosozero,62.7191,32.727,68.97,74,48,3.49,RU,2022-07-12 20:02:18
562,The Valley,18.217,-63.0578,85.1,78,97,14.27,AI,2022-07-12 20:02:18
563,Chilca,-12.5211,-76.7372,62.26,79,30,7.78,PE,2022-07-12 20:02:18
564,Kawalu,-7.3817,108.2082,72.36,98,94,1.14,ID,2022-07-12 20:02:19
565,Karratha,-20.7377,116.8463,64.4,55,0,9.37,AU,2022-07-12 20:02:19
566,Tihemetsa,58.1462,25.0459,65.48,98,94,5.44,EE,2022-07-12 20:02:19
567,Nuuk,64.1835,-51.7216,41.61,100,75,14.97,GL,2022-07-12 20:02:20
568,Tucupita,9.0622,-62.051,80.92,86,100,6.17,VE,2022-07-12 20:02:20
569,Vanimo,-2.6741,141.3028,76.8,87,38,4.21,PG,2022-07-12 20:02:20
570,Ures,29.4333,-110.4,94.06,40,94,5.26,MX,2022-07-12 20:02:21
571,Shinpokh,34.3292,71.1782,88.41,64,16,3.33,PK,2022-07-12 20:02:21
572,Plettenberg Bay,-34.0527,23.3716,55.04,72,0,1.43,ZA,2022-07-12 20:02:21
573,Matara,5.9485,80.5353,78.48,84,18,12.73,LK,2022-07-12 20:02:22
